{"Logistic Regression": {"Accuracy": 81.33, "Precision": 94.44, "Recall": 54.7, "F1 Score": 69.28}, "Decision Tree": {"Accuracy": 85.52, "Precision": 84.43, "Recall": 76.49000000000001, "F1 Score": 80.25999999999999}, "Random Forest": {"Accuracy": 86.67, "Precision": 94.89999999999999, "Recall": 69.06, "F1 Score": 79.94}, "Naive Bayes": {"Accuracy": 87.62, "Precision": 80.04, "Recall": 90.35, "F1 Score": 84.88}, "KNN": {"Accuracy": 82.0, "Precision": 75.66000000000001, "Recall": 78.47, "F1 Score": 77.03999999999999}, "Linear SVM": {"Accuracy": 70.67, "Precision": 97.06, "Recall": 24.5, "F1 Score": 39.129999999999995}, "Kernel SVM": {"Accuracy": 76.38000000000001, "Precision": 94.83, "Recall": 40.839999999999996, "F1 Score": 57.089999999999996}}