{"Logistic Regression": {"Accuracy": 84.28999999999999, "Precision": 93.77, "Recall": 63.370000000000005, "F1 Score": 75.63}, "Decision Tree": {"Accuracy": 83.62, "Precision": 80.53, "Recall": 75.74, "F1 Score": 78.06}, "Random Forest": {"Accuracy": 87.9, "Precision": 94.82000000000001, "Recall": 72.52, "F1 Score": 82.19}, "Naive Bayes": {"Accuracy": 89.71000000000001, "Precision": 85.41, "Recall": 88.37, "F1 Score": 86.86}, "KNN": {"Accuracy": 82.1, "Precision": 76.87, "Recall": 76.49000000000001, "F1 Score": 76.67}, "Linear SVM": {"Accuracy": 75.71, "Precision": 94.61, "Recall": 39.11, "F1 Score": 55.34}, "Kernel SVM": {"Accuracy": 82.1, "Precision": 95.0, "Recall": 56.44, "F1 Score": 70.81}}