{"Logistic Regression": {"Accuracy": 88.1, "Precision": 92.15, "Recall": 75.5, "F1 Score": 82.99}, "Decision Tree": {"Accuracy": 85.14, "Precision": 82.98, "Recall": 77.23, "F1 Score": 80.0}, "Random Forest": {"Accuracy": 88.48, "Precision": 91.01, "Recall": 77.72, "F1 Score": 83.85000000000001}, "Naive Bayes": {"Accuracy": 86.48, "Precision": 86.39, "Recall": 76.98, "F1 Score": 81.41000000000001}, "KNN": {"Accuracy": 83.14, "Precision": 78.45, "Recall": 77.48, "F1 Score": 77.96}, "Linear SVM": {"Accuracy": 84.57000000000001, "Precision": 92.31, "Recall": 65.35, "F1 Score": 76.52}, "Kernel SVM": {"Accuracy": 87.33, "Precision": 90.69, "Recall": 74.75, "F1 Score": 81.95}}